Datetime,Open,High,Low,Close,Volume
2025-09-02 19:20:00,110662.0,110662.0,110456.58,110499.83,54.70295
2025-09-02 19:25:00,110499.84,110581.78,110493.41,110513.51,33.91337
2025-09-02 19:30:00,110513.51,110589.66,110441.42,110559.88,22.38126
2025-09-02 19:35:00,110559.88,110700.1,110538.18,110686.8,21.39579
2025-09-02 19:40:00,110686.8,110742.84,110616.41,110670.0,24.58921
2025-09-02 19:45:00,110670.0,110745.62,110569.91,110722.55,22.19274
2025-09-02 19:50:00,110722.54,110767.33,110600.29,110661.31,28.0482
2025-09-02 19:55:00,110661.3,110817.58,110644.0,110806.0,50.84292
2025-09-02 20:00:00,110806.01,110882.11,110716.77,110866.0,17.98912
2025-09-02 20:05:00,110866.01,111055.0,110824.0,111054.99,58.49167
2025-09-02 20:10:00,111055.0,111196.0,110997.43,111195.99,92.58215
2025-09-02 20:15:00,111196.0,111272.01,111154.42,111272.0,97.43365
2025-09-02 20:20:00,111272.0,111350.0,111200.0,111245.79,34.25871
2025-09-02 20:25:00,111245.8,111256.0,111173.43,111252.0,31.40508
2025-09-02 20:30:00,111251.99,111252.0,111096.17,111215.71,60.33809
2025-09-02 20:35:00,111215.7,111340.08,111215.7,111340.08,55.31138
2025-09-02 20:40:00,111340.08,111389.99,111270.3,111289.21,47.50484
2025-09-02 20:45:00,111289.21,111364.22,111218.48,111364.22,26.51862
2025-09-02 20:50:00,111364.22,111396.6,111306.68,111390.76,37.95401
2025-09-02 20:55:00,111390.75,111419.18,111380.73,111418.49,25.64114
2025-09-02 21:00:00,111418.49,111418.49,111371.48,111371.49,12.66186
2025-09-02 21:05:00,111371.49,111484.61,111371.48,111459.09,71.70048
2025-09-02 21:10:00,111459.1,111517.84,111459.09,111517.83,28.31392
2025-09-02 21:15:00,111517.83,111538.17,111324.04,111375.59,53.87261
2025-09-02 21:20:00,111375.59,111377.52,111254.25,111254.26,34.12143
2025-09-02 21:25:00,111254.26,111319.61,111254.25,111303.31,8.52507
2025-09-02 21:30:00,111303.31,111467.03,111303.3,111467.03,33.92562
2025-09-02 21:35:00,111467.02,111480.0,111460.86,111479.99,9.25614
2025-09-02 21:40:00,111480.0,111480.0,111360.85,111360.85,29.72537
2025-09-02 21:45:00,111360.86,111360.86,111200.0,111245.5,40.62247
2025-09-02 21:50:00,111245.5,111245.5,111203.23,111239.96,8.84441
2025-09-02 21:55:00,111239.97,111239.97,111129.57,111129.57,24.6919
2025-09-02 22:00:00,111129.58,111137.8,110910.16,110974.56,121.92404
2025-09-02 22:05:00,110974.56,110994.86,110870.27,110974.0,31.58109
2025-09-02 22:10:00,110973.99,111120.0,110951.83,111119.99,23.89011
2025-09-02 22:15:00,111119.99,111173.52,111044.18,111053.74,16.00065
2025-09-02 22:20:00,111053.74,111100.0,111000.0,111000.01,31.89887
2025-09-02 22:25:00,111000.01,111100.0,111000.01,111048.0,17.54508
2025-09-02 22:30:00,111047.99,111062.0,110976.56,111001.23,32.93566
2025-09-02 22:35:00,111001.23,111186.71,111001.23,111186.7,17.90226
2025-09-02 22:40:00,111186.7,111238.56,111140.03,111185.25,39.20032
2025-09-02 22:45:00,111185.25,111240.0,111152.11,111214.46,19.6269
2025-09-02 22:50:00,111214.46,111233.84,111186.7,111186.7,10.23047
2025-09-02 22:55:00,111186.7,111260.0,111178.52,111259.99,12.13547
2025-09-02 23:00:00,111260.0,111271.13,111172.95,111182.68,27.67453
2025-09-02 23:05:00,111182.68,111182.68,111066.91,111092.9,22.88339
2025-09-02 23:10:00,111092.9,111238.0,111063.39,111238.0,22.66632
2025-09-02 23:15:00,111237.99,111249.6,111139.07,111139.07,32.45103
2025-09-02 23:20:00,111139.07,111139.08,111058.45,111095.95,18.83784
2025-09-02 23:25:00,111095.95,111111.42,111056.03,111078.81,11.50902
2025-09-02 23:30:00,111078.81,111112.14,111017.79,111017.79,15.08051
2025-09-02 23:35:00,111017.8,111164.83,111017.79,111164.83,17.54377
2025-09-02 23:40:00,111164.83,111164.83,111106.0,111109.99,16.50021
2025-09-02 23:45:00,111109.98,111157.41,111084.35,111087.99,22.31492
2025-09-02 23:50:00,111088.0,111201.43,111087.99,111201.43,13.03708
2025-09-02 23:55:00,111201.42,111240.02,111193.46,111240.01,38.35267
2025-09-03 00:00:00,111240.01,111370.57,111240.01,111310.0,120.19358
2025-09-03 00:05:00,111310.0,111444.01,111310.0,111444.0,114.00949
2025-09-03 00:10:00,111444.01,111548.0,111430.01,111530.12,118.02474
2025-09-03 00:15:00,111530.11,111570.49,111460.44,111558.45,77.05548
2025-09-03 00:20:00,111558.45,111585.98,111528.0,111561.99,61.61708
2025-09-03 00:25:00,111562.0,111782.21,111562.0,111647.99,199.40019
2025-09-03 00:30:00,111647.99,111652.33,111436.07,111451.7,93.20973
2025-09-03 00:35:00,111451.7,111588.0,111451.7,111578.03,51.50067
2025-09-03 00:40:00,111578.03,111678.0,111417.71,111417.72,54.3685
2025-09-03 00:45:00,111417.72,111451.62,111332.18,111360.38,62.71133
2025-09-03 00:50:00,111360.38,111381.13,111300.0,111305.66,23.24645
2025-09-03 00:55:00,111305.66,111370.7,111300.0,111339.98,16.86557
2025-09-03 01:00:00,111339.98,111404.77,111253.97,111394.01,33.2023
2025-09-03 01:05:00,111394.0,111394.0,111142.19,111198.76,66.11701
2025-09-03 01:10:00,111198.77,111270.02,111198.77,111220.97,17.71427
2025-09-03 01:15:00,111220.98,111240.0,111161.07,111178.41,21.94924
2025-09-03 01:20:00,111178.41,111178.42,110926.69,110931.47,69.18106
2025-09-03 01:25:00,110931.47,111038.44,110931.46,110978.5,47.2801
2025-09-03 01:30:00,110978.5,111047.76,110929.82,110999.99,23.03901
2025-09-03 01:35:00,110999.99,111013.24,110917.45,110931.45,29.24943
2025-09-03 01:40:00,110931.45,110978.35,110901.99,110929.61,23.97693
2025-09-03 01:45:00,110929.62,110992.0,110901.06,110961.93,59.55777
2025-09-03 01:50:00,110961.94,111118.14,110961.93,111117.55,28.77812
2025-09-03 01:55:00,111117.55,111200.0,111117.55,111176.94,34.77139
2025-09-03 02:00:00,111176.93,111411.02,111163.07,111227.79,51.41309
2025-09-03 02:05:00,111227.79,111227.8,111055.33,111055.33,30.7161
2025-09-03 02:10:00,111055.33,111171.01,111029.43,111098.31,25.01143
2025-09-03 02:15:00,111098.3,111335.79,111091.86,111266.0,31.24291
2025-09-03 02:20:00,111265.99,111353.22,111250.42,111321.32,38.55676
2025-09-03 02:25:00,111321.32,111393.11,111268.61,111374.54,44.21349
2025-09-03 02:30:00,111374.54,111374.54,111258.69,111264.9,19.20005
2025-09-03 02:35:00,111264.9,111306.69,111228.19,111228.2,48.38717
2025-09-03 02:40:00,111228.2,111351.47,111195.67,111338.92,30.88115
2025-09-03 02:45:00,111338.93,111419.18,111338.92,111372.01,32.25713
2025-09-03 02:50:00,111372.01,111484.05,111356.69,111430.66,49.60831
2025-09-03 02:55:00,111430.66,111430.66,111366.61,111372.0,23.41172
2025-09-03 03:00:00,111372.0,111375.02,111282.03,111348.86,60.05188
2025-09-03 03:05:00,111348.87,111411.24,111331.98,111375.46,18.97516
2025-09-03 03:10:00,111375.46,111389.04,111047.56,111078.95,66.019
2025-09-03 03:15:00,111078.96,111128.85,111032.88,111085.26,14.38995
2025-09-03 03:20:00,111085.27,111164.2,111020.45,111020.46,23.11046
2025-09-03 03:25:00,111020.46,111067.32,110976.01,111059.27,33.82791
2025-09-03 03:30:00,111059.27,111059.28,110973.69,110991.34,63.00799
2025-09-03 03:35:00,110991.33,111027.5,110929.29,110929.29,15.3251
2025-09-03 03:40:00,110929.29,110961.36,110892.14,110950.01,25.33554
2025-09-03 03:45:00,110950.01,110999.0,110941.48,110998.99,16.35342
2025-09-03 03:50:00,110998.98,111129.58,110998.98,111112.01,36.59464
2025-09-03 03:55:00,111112.01,111112.01,111040.0,111054.01,18.70713
2025-09-03 04:00:00,111054.0,111119.91,111017.79,111119.9,48.54812
2025-09-03 04:05:00,111119.9,111151.99,110967.75,110967.75,42.974
2025-09-03 04:10:00,110967.75,110967.76,110917.45,110917.45,23.46435
2025-09-03 04:15:00,110917.46,110951.46,110836.48,110919.99,42.83985
2025-09-03 04:20:00,110919.99,111082.0,110906.49,111082.0,18.11025
2025-09-03 04:25:00,111081.99,111101.0,111022.01,111022.01,11.66588
2025-09-03 04:30:00,111022.02,111088.0,110976.66,111047.52,7.73401
2025-09-03 04:35:00,111047.52,111076.91,110990.12,111000.0,8.95039
2025-09-03 04:40:00,111000.0,111091.63,110990.34,111022.16,16.92576
2025-09-03 04:45:00,111022.16,111025.35,110978.15,110984.32,23.68413
2025-09-03 04:50:00,110984.32,111095.64,110971.69,111054.05,17.25685
2025-09-03 04:55:00,111054.04,111060.0,111020.67,111020.68,7.11443
2025-09-03 05:00:00,111020.68,111069.48,110957.39,110994.01,14.64837
2025-09-03 05:05:00,110994.01,110994.02,110929.29,110951.11,17.34938
2025-09-03 05:10:00,110951.12,110977.95,110860.04,110899.99,40.60317
2025-09-03 05:15:00,110900.0,110919.83,110790.93,110844.66,28.2793
2025-09-03 05:20:00,110844.67,110861.8,110750.0,110763.85,21.97559
2025-09-03 05:25:00,110763.84,110817.1,110709.6,110778.55,34.76711
2025-09-03 05:30:00,110778.55,110846.65,110778.55,110805.87,14.13673
2025-09-03 05:35:00,110805.86,110846.64,110792.0,110834.69,15.06797
2025-09-03 05:40:00,110834.69,110834.69,110737.77,110780.63,54.11569
2025-09-03 05:45:00,110780.62,110794.0,110735.39,110763.99,20.10197
2025-09-03 05:50:00,110763.99,110784.06,110718.2,110722.55,23.771
2025-09-03 05:55:00,110722.55,110722.55,110666.0,110685.57,42.33333
2025-09-03 06:00:00,110685.57,110722.07,110570.35,110589.99,42.7987
2025-09-03 06:05:00,110589.99,110668.74,110549.8,110599.53,219.49652
2025-09-03 06:10:00,110599.53,110739.41,110599.52,110700.01,62.79141
2025-09-03 06:15:00,110700.01,110765.95,110651.36,110725.01,22.29336
2025-09-03 06:20:00,110725.01,110829.15,110725.0,110811.2,31.56129
2025-09-03 06:25:00,110811.2,110829.15,110796.15,110806.97,13.68525
2025-09-03 06:30:00,110806.98,110844.0,110778.84,110810.2,22.27914
2025-09-03 06:35:00,110810.2,110879.89,110773.1,110788.92,27.38937
2025-09-03 06:40:00,110788.93,110788.93,110738.54,110758.86,13.95843
2025-09-03 06:45:00,110758.85,110813.2,110710.31,110723.97,23.12226
2025-09-03 06:50:00,110723.97,110770.0,110698.3,110698.3,12.05717
2025-09-03 06:55:00,110698.3,110728.35,110673.63,110724.0,14.53348
2025-09-03 07:00:00,110724.0,110845.34,110698.91,110845.31,42.14882
2025-09-03 07:05:00,110845.32,110845.32,110573.25,110656.0,29.43757
2025-09-03 07:10:00,110655.99,110829.15,110632.67,110766.41,34.2491
2025-09-03 07:15:00,110766.41,110766.41,110561.51,110561.52,26.47259
2025-09-03 07:20:00,110561.51,110746.46,110528.71,110696.67,49.32117
2025-09-03 07:25:00,110696.66,110779.99,110607.98,110779.99,52.97804
2025-09-03 07:30:00,110780.0,110913.1,110780.0,110793.64,33.17362
2025-09-03 07:35:00,110793.64,110975.05,110793.64,110923.59,48.00006
2025-09-03 07:40:00,110923.6,110945.99,110869.19,110942.77,21.83273
2025-09-03 07:45:00,110942.77,110975.21,110921.81,110975.21,13.2245
2025-09-03 07:50:00,110975.21,111053.0,110961.71,111032.0,32.43786
2025-09-03 07:55:00,111031.99,111111.11,111010.38,111099.88,54.03966
2025-09-03 08:00:00,111099.87,111187.93,111058.28,111170.02,75.31381
2025-09-03 08:05:00,111170.02,111270.51,111151.41,111210.96,59.07882
2025-09-03 08:10:00,111210.97,111226.0,111179.51,111225.99,24.80498
2025-09-03 08:15:00,111225.99,111279.48,111161.6,111164.0,44.98168
2025-09-03 08:20:00,111164.0,111164.0,111070.32,111136.0,25.38621
2025-09-03 08:25:00,111135.99,111135.99,111054.0,111115.12,30.79193
2025-09-03 08:30:00,111115.12,111138.37,111052.48,111052.48,16.88221
2025-09-03 08:35:00,111052.49,111084.77,111009.95,111084.77,20.60926
2025-09-03 08:40:00,111084.76,111084.77,111024.17,111065.43,13.00172
2025-09-03 08:45:00,111065.44,111076.57,111010.75,111010.76,19.25664
2025-09-03 08:50:00,111010.75,111010.75,110974.0,110984.36,25.59789
2025-09-03 08:55:00,110984.36,111019.99,110981.41,111019.99,9.42056
2025-09-03 09:00:00,111019.99,111072.26,110952.0,110958.29,18.61063
2025-09-03 09:05:00,110958.29,111017.8,110889.29,110962.96,20.89126
2025-09-03 09:10:00,110962.96,110978.18,110914.89,110914.9,17.40504
2025-09-03 09:15:00,110914.89,111266.11,110914.89,111215.87,52.47757
2025-09-03 09:20:00,111215.86,111263.17,111105.98,111168.66,32.40411
2025-09-03 09:25:00,111168.66,111201.05,111134.53,111134.53,15.82861
2025-09-03 09:30:00,111134.54,111207.52,111104.73,111207.27,24.91048
2025-09-03 09:35:00,111207.27,111218.49,111139.78,111154.08,17.48916
2025-09-03 09:40:00,111154.08,111241.78,111124.01,111199.99,14.99966
2025-09-03 09:45:00,111199.99,111232.94,111153.23,111191.72,21.76357
2025-09-03 09:50:00,111191.72,111245.73,111146.26,111221.34,41.58212
2025-09-03 09:55:00,111221.33,111324.0,111221.33,111312.28,36.61788
2025-09-03 10:00:00,111312.28,111370.96,111218.48,111221.55,36.10489
2025-09-03 10:05:00,111221.54,111285.01,111170.06,111257.88,20.93479
2025-09-03 10:10:00,111257.88,111339.17,111252.42,111339.17,21.35121
2025-09-03 10:15:00,111339.17,111391.62,111320.0,111391.61,65.65558
2025-09-03 10:20:00,111391.61,111491.74,111373.57,111402.2,47.87144
2025-09-03 10:25:00,111402.19,111484.73,111373.99,111484.72,34.91918
2025-09-03 10:30:00,111484.72,111484.72,111413.18,111437.38,25.9735
2025-09-03 10:35:00,111437.38,111469.28,111413.45,111469.28,19.69227
2025-09-03 10:40:00,111469.27,111488.35,111438.01,111456.64,20.3059
2025-09-03 10:45:00,111456.64,111480.08,111382.71,111398.23,24.53235
2025-09-03 10:50:00,111398.23,111398.24,111318.83,111372.0,34.62617
2025-09-03 10:55:00,111372.0,111473.67,111361.15,111449.99,25.15906
2025-09-03 11:00:00,111450.0,111675.97,111422.4,111675.96,92.83412
2025-09-03 11:05:00,111675.96,111708.0,111592.3,111597.11,45.49859
2025-09-03 11:10:00,111597.1,111668.95,111597.1,111643.17,53.12218
2025-09-03 11:15:00,111643.16,111657.51,111579.69,111598.0,26.73265
2025-09-03 11:20:00,111597.99,111598.0,111492.0,111497.05,31.68817
2025-09-03 11:25:00,111497.04,111522.53,111419.17,111500.78,38.40426
2025-09-03 11:30:00,111500.77,111553.24,111388.24,111553.24,29.25726
2025-09-03 11:35:00,111553.23,111596.0,111523.55,111551.59,42.01057
2025-09-03 11:40:00,111551.59,111580.0,111488.27,111580.0,35.51243
2025-09-03 11:45:00,111580.0,111580.0,111489.82,111513.77,24.9913
2025-09-03 11:50:00,111513.77,111536.89,111489.83,111490.59,18.49078
2025-09-03 11:55:00,111490.59,111500.0,111437.76,111437.77,19.06263
2025-09-03 12:00:00,111437.77,111591.47,111437.77,111591.46,23.56328
2025-09-03 12:05:00,111591.46,111619.87,111540.69,111552.0,19.08532
2025-09-03 12:10:00,111551.99,111551.99,111460.0,111466.43,14.73346
2025-09-03 12:15:00,111466.43,111580.0,111455.4,111567.15,20.74971
2025-09-03 12:20:00,111567.14,111618.29,111558.69,111558.69,16.39792
2025-09-03 12:25:00,111558.69,111558.7,111501.76,111513.94,12.6849
2025-09-03 12:30:00,111513.94,111617.09,111431.15,111585.52,36.51907
2025-09-03 12:35:00,111585.51,111858.57,111560.0,111687.85,108.62912
2025-09-03 12:40:00,111687.85,111687.86,111250.44,111255.98,71.23273
2025-09-03 12:45:00,111255.98,111338.69,111169.26,111169.27,56.83583
2025-09-03 12:50:00,111169.27,111181.99,111058.61,111058.62,28.38317
2025-09-03 12:55:00,111058.62,111184.03,111031.61,111112.0,31.30184
2025-09-03 13:00:00,111112.0,111266.52,111065.56,111257.99,37.60864
2025-09-03 13:05:00,111257.99,111311.99,111182.4,111264.95,44.75792
2025-09-03 13:10:00,111264.94,111350.0,111264.94,111346.12,22.43527
2025-09-03 13:15:00,111346.12,111477.15,111313.73,111447.69,23.59036
2025-09-03 13:20:00,111447.7,111455.96,111355.99,111379.99,43.70934
2025-09-03 13:25:00,111380.0,111399.26,111320.0,111344.56,24.30477
2025-09-03 13:30:00,111344.55,111508.26,111298.9,111449.74,64.73367
2025-09-03 13:35:00,111449.74,111597.5,111104.01,111408.54,111.55747
2025-09-03 13:40:00,111408.54,111720.19,111396.9,111673.44,82.82266
2025-09-03 13:45:00,111673.43,111920.7,111560.0,111820.0,195.72628
2025-09-03 13:50:00,111820.0,111830.03,111506.75,111546.79,97.5648
2025-09-03 13:55:00,111546.79,111564.53,111311.7,111475.07,113.76022
2025-09-03 14:00:00,111475.08,111835.63,111475.08,111822.21,113.93489
2025-09-03 14:05:00,111822.21,111847.98,111651.21,111740.2,91.26219
2025-09-03 14:10:00,111740.21,111811.71,111222.25,111222.26,132.52363
2025-09-03 14:15:00,111222.25,111498.14,111118.43,111496.0,167.39696
2025-09-03 14:20:00,111495.99,111515.88,111264.18,111298.69,53.86517
2025-09-03 14:25:00,111298.69,111580.0,111282.01,111443.87,58.40884
2025-09-03 14:30:00,111443.86,111866.0,111443.86,111839.99,83.64109
2025-09-03 14:35:00,111840.0,112000.0,111707.7,111985.72,126.17683
2025-09-03 14:40:00,111985.72,112500.0,111981.93,112475.99,283.70501
2025-09-03 14:45:00,112476.0,112498.0,112239.99,112350.0,154.30144
2025-09-03 14:50:00,112350.0,112359.13,112067.99,112096.55,127.58919
2025-09-03 14:55:00,112096.55,112319.99,112096.55,112261.37,87.83856
2025-09-03 15:00:00,112261.37,112315.82,112183.44,112245.15,69.42281
2025-09-03 15:05:00,112245.15,112376.7,112207.02,112353.61,142.15525
2025-09-03 15:10:00,112353.61,112353.61,112121.58,112121.59,81.19347
2025-09-03 15:15:00,112121.59,112168.56,112060.0,112131.99,46.74597
2025-09-03 15:20:00,112131.99,112182.6,111960.0,112021.68,61.77631
2025-09-03 15:25:00,112021.68,112021.68,111910.24,111958.0,50.81536
2025-09-03 15:30:00,111957.99,112172.53,111931.35,112167.36,81.41724
2025-09-03 15:35:00,112167.37,112214.26,112160.08,112184.51,36.10124
2025-09-03 15:40:00,112184.51,112322.28,112156.73,112320.01,65.39176
2025-09-03 15:45:00,112320.0,112357.06,112168.65,112255.57,45.0547
2025-09-03 15:50:00,112255.57,112278.5,112178.0,112200.0,25.72187
2025-09-03 15:55:00,112200.0,112252.51,112169.05,112222.74,60.87734
2025-09-03 16:00:00,112222.73,112336.0,112156.73,112162.02,55.9998
2025-09-03 16:05:00,112162.01,112247.99,112146.1,112156.73,26.82647
2025-09-03 16:10:00,112156.74,112179.41,112081.72,112178.0,22.0748
2025-09-03 16:15:00,112177.99,112178.0,112064.04,112110.87,47.02007
2025-09-03 16:20:00,112110.87,112175.99,112087.58,112100.0,31.61412
2025-09-03 16:25:00,112100.0,112100.01,111900.0,111965.99,131.24278
2025-09-03 16:30:00,111965.99,112111.8,111965.98,112111.79,47.91906
2025-09-03 16:35:00,112111.8,112112.0,111991.5,112016.39,35.99073
2025-09-03 16:40:00,112016.38,112016.38,111720.2,111733.64,107.06587
2025-09-03 16:45:00,111733.65,111800.0,111700.0,111743.04,36.20948
2025-09-03 16:50:00,111743.03,111786.83,111686.24,111786.83,38.22221
2025-09-03 16:55:00,111786.82,111858.66,111786.82,111858.66,24.01137
2025-09-03 17:00:00,111858.65,112021.25,111858.65,112019.11,25.71277
2025-09-03 17:05:00,112019.12,112097.77,112000.0,112077.12,23.09326
2025-09-03 17:10:00,112077.12,112400.0,112077.12,112380.33,75.98961
2025-09-03 17:15:00,112380.32,112470.63,112341.02,112438.03,47.11982
2025-09-03 17:20:00,112438.02,112485.28,112365.99,112371.48,39.78797
2025-09-03 17:25:00,112371.48,112448.71,112300.0,112448.7,31.13863
2025-09-03 17:30:00,112448.71,112469.79,112370.0,112381.14,44.81785
2025-09-03 17:35:00,112381.14,112464.0,112299.19,112305.3,53.57138
2025-09-03 17:40:00,112305.3,112358.94,112261.36,112297.91,81.10169
2025-09-03 17:45:00,112297.92,112460.0,112259.05,112433.91,49.32799
2025-09-03 17:50:00,112433.91,112575.27,112394.19,112470.62,68.01051
2025-09-03 17:55:00,112470.63,112470.63,112270.88,112312.64,35.02709
2025-09-03 18:00:00,112312.64,112502.0,112257.4,112456.02,37.18763
2025-09-03 18:05:00,112456.03,112516.35,112366.02,112510.8,61.5061
2025-09-03 18:10:00,112510.81,112510.81,112375.49,112382.82,62.88996
2025-09-03 18:15:00,112382.81,112388.0,112261.36,112264.59,27.78477
2025-09-03 18:20:00,112264.58,112277.84,112171.16,112171.17,86.35978
2025-09-03 18:25:00,112171.17,112235.98,112121.58,112136.54,25.47202
2025-09-03 18:30:00,112136.53,112136.54,112030.87,112131.57,25.4978
2025-09-03 18:35:00,112131.57,112131.58,111860.14,111869.51,40.02111
2025-09-03 18:40:00,111869.5,111953.46,111842.84,111885.48,28.28193
2025-09-03 18:45:00,111885.48,111885.48,111800.0,111824.01,25.57616
2025-09-03 18:50:00,111824.01,111904.64,111808.0,111904.64,23.61106
2025-09-03 18:55:00,111904.64,112000.0,111882.41,112000.0,21.61473
2025-09-03 19:00:00,112000.0,112000.0,111910.58,111925.99,9.42583
2025-09-03 19:05:00,111925.99,111974.6,111891.12,111891.12,27.2532
2025-09-03 19:10:00,111891.12,111891.13,111815.29,111815.29,31.47521
2025-09-03 19:15:00,111815.3,111947.48,111781.63,111933.18,38.53004
2025-09-03 19:20:00,111933.17,111947.48,111860.0,111927.11,18.16015
2025-09-03 19:25:00,111927.1,111939.19,111894.17,111917.7,10.2813
2025-09-03 19:30:00,111917.71,111996.8,111917.7,111996.8,10.33444
2025-09-03 19:35:00,111996.79,111996.8,111820.55,111820.57,15.75331
2025-09-03 19:40:00,111820.57,111875.24,111792.5,111859.81,19.87641
2025-09-03 19:45:00,111859.82,112015.49,111842.84,111985.75,26.26879
2025-09-03 19:50:00,111985.76,112146.97,111985.76,112137.3,45.52897
2025-09-03 19:55:00,112137.31,112252.33,112115.41,112193.74,59.7227
2025-09-03 20:00:00,112193.74,112200.85,112148.68,112159.99,22.19252
2025-09-03 20:05:00,112160.0,112250.0,112159.99,112181.64,18.4777
2025-09-03 20:10:00,112181.64,112200.0,112094.43,112113.69,17.91837
2025-09-03 20:15:00,112113.69,112132.24,112094.45,112094.45,6.58469
2025-09-03 20:20:00,112094.45,112120.0,112052.1,112103.88,30.75276
2025-09-03 20:25:00,112103.88,112137.17,112103.88,112127.16,9.98113
2025-09-03 20:30:00,112127.17,112165.92,112100.0,112114.81,21.53242
2025-09-03 20:35:00,112114.81,112123.35,112087.9,112120.93,7.62962
2025-09-03 20:40:00,112120.94,112125.19,112080.0,112125.19,22.85329
2025-09-03 20:45:00,112125.19,112208.69,112125.18,112159.99,25.69896
2025-09-03 20:50:00,112159.99,112183.69,112143.56,112143.56,16.11095
2025-09-03 20:55:00,112143.57,112211.31,112143.56,112211.31,29.42622
2025-09-03 21:00:00,112211.3,112221.94,112200.15,112221.93,9.98771
2025-09-03 21:05:00,112221.94,112250.0,112221.93,112250.0,8.32883
2025-09-03 21:10:00,112249.99,112250.0,112139.37,112139.37,23.8692
2025-09-03 21:15:00,112139.38,112180.0,112102.98,112131.76,17.33267
2025-09-03 21:20:00,112131.76,112131.76,112065.63,112065.63,6.36299
2025-09-03 21:25:00,112065.63,112092.96,112045.73,112092.95,16.76247
2025-09-03 21:30:00,112092.96,112107.02,111920.89,111941.13,19.35316
2025-09-03 21:35:00,111941.13,111957.1,111864.94,111864.95,14.3146
2025-09-03 21:40:00,111864.94,111864.95,111798.08,111864.95,17.56919
2025-09-03 21:45:00,111864.95,111898.44,111759.5,111898.43,25.27857
2025-09-03 21:50:00,111898.44,111979.44,111898.44,111966.17,15.70784
2025-09-03 21:55:00,111966.16,112021.25,111966.16,111989.67,7.42083
2025-09-03 22:00:00,111989.68,112096.0,111980.24,112061.9,28.88614
2025-09-03 22:05:00,112061.9,112110.11,112053.0,112097.76,16.26117
2025-09-03 22:10:00,112097.77,112110.11,112073.71,112096.27,17.95696
2025-09-03 22:15:00,112096.27,112150.0,112078.76,112147.99,15.62978
2025-09-03 22:20:00,112147.99,112148.0,112108.53,112108.54,11.08691
2025-09-03 22:25:00,112108.53,112108.54,111953.24,111955.62,21.45076
2025-09-03 22:30:00,111955.62,111955.63,111916.77,111930.01,13.68723
2025-09-03 22:35:00,111930.01,111930.01,111880.39,111896.01,11.38978
2025-09-03 22:40:00,111896.0,111920.0,111874.46,111919.99,10.48975
2025-09-03 22:45:00,111919.99,111979.99,111839.86,111839.87,11.85065
2025-09-03 22:50:00,111839.87,111924.97,111839.86,111924.97,9.9193
2025-09-03 22:55:00,111924.97,111947.48,111924.96,111947.48,9.12621
2025-09-03 23:00:00,111947.47,111980.0,111917.56,111958.65,11.09561
2025-09-03 23:05:00,111958.64,111958.65,111855.72,111893.44,20.80868
2025-09-03 23:10:00,111893.44,111900.0,111842.84,111864.67,11.85886
2025-09-03 23:15:00,111864.68,111902.71,111864.67,111893.27,55.37271
2025-09-03 23:20:00,111893.27,111936.78,111825.68,111825.68,20.28086
2025-09-03 23:25:00,111825.68,111825.69,111775.21,111808.84,15.97754
2025-09-03 23:30:00,111808.85,111845.05,111686.24,111707.24,26.84618
2025-09-03 23:35:00,111707.24,111707.24,111613.98,111638.26,34.23502
2025-09-03 23:40:00,111638.26,111679.62,111633.57,111656.4,14.46908
2025-09-03 23:45:00,111656.41,111710.0,111656.41,111709.99,84.69613
2025-09-03 23:50:00,111710.0,111750.0,111646.5,111657.64,38.97145
2025-09-03 23:55:00,111657.64,111705.72,111647.65,111705.71,24.46005
2025-09-04 00:00:00,111705.72,111777.87,111653.66,111710.59,79.49965
2025-09-04 00:05:00,111710.59,111732.11,111646.21,111646.21,22.40441
2025-09-04 00:10:00,111646.22,111730.45,111619.86,111730.44,15.58384
2025-09-04 00:15:00,111730.45,111896.01,111672.04,111896.01,32.34908
2025-09-04 00:20:00,111896.69,112094.64,111896.68,112008.47,48.60285
2025-09-04 00:25:00,112008.48,112064.34,111975.48,112005.0,37.60618
2025-09-04 00:30:00,112005.0,112121.59,111955.7,112119.99,15.83524
2025-09-04 00:35:00,112119.99,112144.74,112021.24,112021.24,23.13049
2025-09-04 00:40:00,112021.24,112074.76,112021.24,112068.0,6.66339
2025-09-04 00:45:00,112067.99,112068.0,112016.0,112046.19,15.64788
2025-09-04 00:50:00,112046.19,112145.89,112046.19,112145.88,17.77654
2025-09-04 00:55:00,112145.89,112180.0,112065.6,112065.61,28.32668
2025-09-04 01:00:00,112065.6,112080.0,111973.7,111983.69,21.4579
2025-09-04 01:05:00,111983.69,111997.41,111855.2,111908.96,30.77822
2025-09-04 01:10:00,111908.96,111908.97,111700.0,111704.81,37.40608
2025-09-04 01:15:00,111704.81,111743.0,111641.63,111717.94,21.45189
2025-09-04 01:20:00,111717.94,111760.28,111687.03,111735.99,18.05341
2025-09-04 01:25:00,111735.99,111795.91,111703.67,111795.9,10.57313
2025-09-04 01:30:00,111795.9,112013.99,111778.55,111924.01,30.85898
2025-09-04 01:35:00,111924.01,111973.35,111820.55,111856.0,22.8025
2025-09-04 01:40:00,111855.99,111930.74,111842.84,111891.41,15.98385
2025-09-04 01:45:00,111891.41,111893.6,111808.94,111844.46,18.19308
2025-09-04 01:50:00,111844.45,111863.97,111800.0,111824.75,9.49993
2025-09-04 01:55:00,111824.75,111947.48,111824.74,111947.48,14.7126
2025-09-04 02:00:00,111947.48,111980.01,111900.0,111932.67,11.24959
2025-09-04 02:05:00,111932.66,111973.86,111880.35,111898.71,14.96324
2025-09-04 02:10:00,111898.7,111898.7,111804.81,111825.12,17.30847
2025-09-04 02:15:00,111825.11,111830.99,111730.44,111778.12,23.97891
2025-09-04 02:20:00,111778.11,111778.12,111601.01,111633.58,53.55308
2025-09-04 02:25:00,111633.57,111633.58,111430.45,111430.46,68.59654
2025-09-04 02:30:00,111430.45,111604.13,111406.79,111604.13,56.24906
2025-09-04 02:35:00,111604.13,111660.0,111561.28,111599.99,33.11835
2025-09-04 02:40:00,111599.99,111713.66,111579.41,111602.44,23.37448
2025-09-04 02:45:00,111602.45,111656.35,111467.7,111510.58,24.32023
2025-09-04 02:50:00,111510.58,111525.86,111489.26,111522.72,15.13026
2025-09-04 02:55:00,111522.73,111535.06,111419.17,111450.15,17.85311
2025-09-04 03:00:00,111450.16,111473.03,111386.87,111388.22,30.07808
2025-09-04 03:05:00,111388.21,111439.73,111329.86,111409.31,50.94681
2025-09-04 03:10:00,111409.31,111537.81,111409.31,111480.48,45.06069
2025-09-04 03:15:00,111480.49,111682.52,111452.34,111682.51,45.11386
2025-09-04 03:20:00,111682.52,111728.57,111588.86,111698.9,29.00565
2025-09-04 03:25:00,111698.9,111712.02,111319.68,111378.66,68.26276
2025-09-04 03:30:00,111378.66,111398.24,111266.11,111280.3,58.14442
2025-09-04 03:35:00,111280.31,111303.59,111240.6,111248.72,23.46916
2025-09-04 03:40:00,111248.72,111299.48,111242.35,111252.01,24.03839
2025-09-04 03:45:00,111252.01,111276.0,111230.92,111230.92,17.56137
2025-09-04 03:50:00,111230.92,111230.92,111144.51,111200.01,60.58644
2025-09-04 03:55:00,111200.01,111200.01,111136.0,111148.97,77.59828
2025-09-04 04:00:00,111148.97,111250.64,111133.67,111200.83,38.11547
2025-09-04 04:05:00,111200.82,111280.0,111114.22,111272.54,48.35503
2025-09-04 04:10:00,111272.54,111272.54,111193.78,111242.88,14.93693
2025-09-04 04:15:00,111242.87,111318.84,111212.48,111252.58,26.72877
2025-09-04 04:20:00,111252.59,111252.59,111156.0,111169.66,14.46494
2025-09-04 04:25:00,111169.67,111212.35,111140.37,111141.99,28.19991
2025-09-04 04:30:00,111141.66,111174.69,111107.0,111159.05,25.37897
2025-09-04 04:35:00,111159.04,111189.12,111146.83,111189.11,8.69365
2025-09-04 04:40:00,111189.12,111229.73,111133.92,111133.92,23.3192
2025-09-04 04:45:00,111133.92,111166.68,111126.9,111144.69,19.0761
2025-09-04 04:50:00,111144.7,111144.7,111085.75,111085.76,22.00742
2025-09-04 04:55:00,111085.75,111085.76,110917.45,110917.45,63.45388
2025-09-04 05:00:00,110917.46,110922.4,110686.57,110748.99,114.15968
2025-09-04 05:05:00,110748.99,110889.21,110704.85,110847.3,77.5867
2025-09-04 05:10:00,110847.3,110847.3,110702.05,110780.0,61.07522
2025-09-04 05:15:00,110780.0,110817.11,110710.39,110771.07,45.74153
2025-09-04 05:20:00,110771.07,110817.11,110612.09,110678.8,127.81103
2025-09-04 05:25:00,110678.79,110810.52,110652.19,110801.99,107.46136
2025-09-04 05:30:00,110802.0,110872.0,110569.36,110618.73,177.41349
2025-09-04 05:35:00,110618.73,110753.65,110609.82,110654.0,180.25466
2025-09-04 05:40:00,110654.0,110717.17,110619.0,110619.01,44.87982
2025-09-04 05:45:00,110619.0,110693.8,110619.0,110661.76,68.07403
2025-09-04 05:50:00,110661.75,110671.86,110619.32,110625.42,98.30713
2025-09-04 05:55:00,110625.42,110653.08,110590.87,110653.07,60.9191
2025-09-04 06:00:00,110653.08,110670.82,110566.41,110588.0,33.53387
2025-09-04 06:05:00,110588.0,110729.0,110582.16,110719.78,41.89467
2025-09-04 06:10:00,110719.78,110719.78,110623.37,110662.78,44.18886
2025-09-04 06:15:00,110662.79,110662.79,110587.51,110597.68,18.40788
2025-09-04 06:20:00,110597.68,110609.24,110399.02,110399.03,85.18345
2025-09-04 06:25:00,110399.03,110567.48,110384.61,110527.02,40.26266
2025-09-04 06:30:00,110527.02,110527.02,110400.0,110480.0,31.6054
2025-09-04 06:35:00,110480.0,110500.03,110366.38,110454.67,47.11011
2025-09-04 06:40:00,110454.68,110454.68,110392.0,110413.73,20.89264
2025-09-04 06:45:00,110413.73,110437.99,110310.0,110310.01,25.78744
2025-09-04 06:50:00,110310.01,110479.98,110279.68,110479.98,32.64599
2025-09-04 06:55:00,110479.98,110506.32,110380.22,110393.95,18.24017
2025-09-04 07:00:00,110393.95,110516.07,110380.22,110424.18,28.49497
2025-09-04 07:05:00,110424.18,110480.0,110359.17,110479.99,31.52616
2025-09-04 07:10:00,110480.0,110580.31,110462.0,110568.48,72.72614
2025-09-04 07:15:00,110568.48,110642.19,110473.23,110491.99,48.3666
2025-09-04 07:20:00,110492.0,110492.0,110417.42,110417.42,13.40294
2025-09-04 07:25:00,110417.43,110461.29,110361.24,110441.24,28.40085
2025-09-04 07:30:00,110441.24,110441.24,110410.45,110435.7,15.83483
2025-09-04 07:35:00,110435.69,110459.84,110369.64,110369.65,40.75164
2025-09-04 07:40:00,110369.64,110369.65,110343.72,110369.64,14.87657
2025-09-04 07:45:00,110369.63,110448.45,110369.63,110391.07,26.50474
2025-09-04 07:50:00,110391.06,110472.07,110378.35,110464.11,14.12066
2025-09-04 07:55:00,110464.11,110528.72,110463.36,110463.36,22.55478
2025-09-04 08:00:00,110463.36,110572.7,110415.72,110572.69,21.05547
2025-09-04 08:05:00,110572.7,110717.34,110569.01,110711.98,59.56858
2025-09-04 08:10:00,110711.97,110712.15,110655.17,110660.57,41.83087
2025-09-04 08:15:00,110660.57,110716.8,110634.02,110634.03,36.33508
2025-09-04 08:20:00,110634.02,110688.76,110600.03,110605.05,21.68964
2025-09-04 08:25:00,110605.05,110798.99,110605.05,110796.7,37.1611
2025-09-04 08:30:00,110796.7,110858.6,110642.3,110727.84,41.38209
2025-09-04 08:35:00,110727.84,110768.0,110678.2,110699.02,26.43044
2025-09-04 08:40:00,110699.02,110751.66,110679.86,110720.01,20.4199
2025-09-04 08:45:00,110720.01,110720.01,110660.83,110666.05,15.0043
2025-09-04 08:50:00,110666.05,110666.05,110616.41,110616.99,8.22517
2025-09-04 08:55:00,110617.0,110658.0,110617.0,110640.97,6.80293
2025-09-04 09:00:00,110640.96,110810.55,110640.96,110810.55,13.91365
2025-09-04 09:05:00,110810.55,110840.0,110715.69,110839.99,23.97045
2025-09-04 09:10:00,110839.99,110856.63,110811.4,110831.99,24.98164
2025-09-04 09:15:00,110832.0,110851.29,110812.72,110812.72,9.51284
2025-09-04 09:20:00,110812.72,110828.22,110780.0,110811.0,19.18914
2025-09-04 09:25:00,110810.99,110836.23,110786.39,110808.36,36.03534
2025-09-04 09:30:00,110808.36,110850.02,110764.49,110850.02,17.2579
2025-09-04 09:35:00,110850.01,110853.26,110787.93,110800.25,14.68368
2025-09-04 09:40:00,110800.25,110804.61,110761.92,110780.31,13.55115
2025-09-04 09:45:00,110780.32,110807.81,110750.0,110787.62,11.50333
2025-09-04 09:50:00,110787.63,110788.0,110736.34,110788.0,16.11945
2025-09-04 09:55:00,110788.0,110815.05,110775.06,110815.04,14.51521
2025-09-04 10:00:00,110815.05,110864.46,110797.5,110797.5,11.51384
2025-09-04 10:05:00,110797.51,110912.78,110772.34,110912.78,11.99813
2025-09-04 10:10:00,110912.79,111154.93,110912.78,111018.91,93.25273
2025-09-04 10:15:00,111018.92,111037.37,110880.0,110899.16,20.14972
2025-09-04 10:20:00,110899.17,111033.14,110899.17,110975.15,19.90646
2025-09-04 10:25:00,110975.14,110975.15,110880.85,110880.86,24.91632
2025-09-04 10:30:00,110880.85,110964.0,110866.35,110959.99,21.94002
2025-09-04 10:35:00,110960.0,111017.8,110925.56,110946.82,14.48722
2025-09-04 10:40:00,110946.82,111010.1,110906.76,110920.22,28.89558
2025-09-04 10:45:00,110920.22,110926.48,110883.2,110921.85,9.81658
2025-09-04 10:50:00,110921.85,110929.14,110817.1,110817.11,15.96979
2025-09-04 10:55:00,110817.11,110817.11,110628.85,110628.86,45.72865
2025-09-04 11:00:00,110628.86,110703.19,110546.48,110692.49,50.72993
2025-09-04 11:05:00,110692.5,110701.56,110667.09,110698.58,15.95467
2025-09-04 11:10:00,110698.58,110976.75,110689.6,110976.75,76.31272
2025-09-04 11:15:00,110976.75,111054.69,110844.0,110844.01,52.98336
2025-09-04 11:20:00,110844.0,110903.66,110799.12,110900.0,37.89093
2025-09-04 11:25:00,110899.99,110915.52,110893.75,110912.25,8.0689
2025-09-04 11:30:00,110912.26,110949.27,110896.01,110941.51,15.89957
2025-09-04 11:35:00,110941.51,110964.0,110941.48,110941.48,14.29205
2025-09-04 11:40:00,110941.49,110995.33,110934.25,110982.0,7.19836
2025-09-04 11:45:00,110982.01,111011.1,110914.5,110972.7,28.59442
2025-09-04 11:50:00,110972.7,110988.47,110864.87,110865.72,25.1932
2025-09-04 11:55:00,110865.72,110880.0,110800.0,110810.0,48.16876
2025-09-04 12:00:00,110810.0,110863.89,110768.33,110863.88,32.53363
2025-09-04 12:05:00,110863.89,110970.01,110863.88,110917.46,21.03792
2025-09-04 12:10:00,110917.47,111017.8,110917.46,111017.8,26.15764
2025-09-04 12:15:00,111017.8,111123.99,110956.0,110968.39,46.81643
2025-09-04 12:20:00,110968.38,110972.88,110848.81,110947.4,25.56784
2025-09-04 12:25:00,110947.4,110947.41,110869.99,110899.99,16.90972
2025-09-04 12:30:00,110899.99,111029.44,110672.48,110782.48,97.25913
2025-09-04 12:35:00,110782.48,110782.48,110588.23,110650.0,60.28987
2025-09-04 12:40:00,110650.01,110653.7,110532.73,110621.64,21.84696
2025-09-04 12:45:00,110621.63,110744.82,110621.63,110744.81,18.06609
2025-09-04 12:50:00,110744.82,110797.16,110729.01,110761.54,24.86943
2025-09-04 12:55:00,110761.55,110977.59,110761.54,110933.94,40.83711
2025-09-04 13:00:00,110933.94,110940.0,110852.63,110880.05,22.06466
2025-09-04 13:05:00,110880.06,110970.0,110869.54,110873.99,16.98472
2025-09-04 13:10:00,110874.0,110920.0,110771.84,110771.85,25.82136
2025-09-04 13:15:00,110771.85,110917.46,110730.39,110828.0,28.9075
2025-09-04 13:20:00,110828.0,110828.01,110707.05,110716.77,14.80364
2025-09-04 13:25:00,110716.76,110817.11,110716.76,110775.18,75.62919
2025-09-04 13:30:00,110775.17,110884.92,110628.85,110798.48,77.70203
2025-09-04 13:35:00,110798.48,110840.55,110605.67,110605.67,55.74764
2025-09-04 13:40:00,110605.67,110690.2,110431.26,110576.35,54.64348
2025-09-04 13:45:00,110576.35,110600.65,110217.13,110415.52,117.67697
2025-09-04 13:50:00,110415.52,110538.73,110369.45,110497.76,74.64318
2025-09-04 13:55:00,110497.76,110570.45,110462.24,110464.0,37.72693
2025-09-04 14:00:00,110463.99,110523.98,110033.01,110071.77,131.21523
2025-09-04 14:05:00,110071.77,110108.72,109772.7,109776.82,241.07531
2025-09-04 14:10:00,109776.82,110031.06,109730.91,109810.2,137.25094
2025-09-04 14:15:00,109810.2,110007.15,109705.48,109910.05,121.88563
2025-09-04 14:20:00,109910.05,110027.99,109846.68,109950.66,91.93947
2025-09-04 14:25:00,109950.65,110028.0,109878.01,109946.28,46.05418
2025-09-04 14:30:00,109946.28,110024.18,109904.0,109975.41,58.11289
2025-09-04 14:35:00,109975.41,110219.99,109975.4,110154.39,64.13669
2025-09-04 14:40:00,110154.39,110215.0,110069.43,110100.82,63.67653
2025-09-04 14:45:00,110100.82,110122.85,109988.0,110118.54,46.81401
2025-09-04 14:50:00,110118.54,110190.85,109975.34,109988.83,27.21008
2025-09-04 14:55:00,109988.83,110000.46,109839.74,109842.01,77.85846
2025-09-04 15:00:00,109842.01,109862.94,109739.41,109739.42,69.05741
2025-09-04 15:05:00,109739.42,109791.83,109654.18,109720.88,75.91089
2025-09-04 15:10:00,109720.88,109729.61,109400.0,109460.0,267.98286
2025-09-04 15:15:00,109460.0,109591.89,109369.62,109369.62,69.88796
2025-09-04 15:20:00,109369.62,109478.76,109329.12,109440.0,74.65449
2025-09-04 15:25:00,109440.0,109559.0,109418.11,109514.04,104.77456
2025-09-04 15:30:00,109514.04,109580.0,109403.27,109440.01,48.95708
2025-09-04 15:35:00,109440.0,109480.6,109373.61,109457.36,48.36196
2025-09-04 15:40:00,109457.36,109550.44,109456.01,109456.02,43.97949
2025-09-04 15:45:00,109456.02,109602.89,109452.44,109576.6,47.21346
2025-09-04 15:50:00,109576.59,109649.5,109506.01,109645.0,37.86044
2025-09-04 15:55:00,109645.0,109645.01,109510.31,109510.31,27.53753
2025-09-04 16:00:00,109510.32,109652.41,109450.0,109652.41,59.31698
2025-09-04 16:05:00,109652.41,109688.0,109566.43,109674.61,35.35217
2025-09-04 16:10:00,109674.61,109688.0,109594.8,109644.94,60.20739
2025-09-04 16:15:00,109644.93,109660.0,109493.2,109540.25,52.90073
2025-09-04 16:20:00,109540.25,109627.41,109516.98,109534.0,47.48095
2025-09-04 16:25:00,109534.0,109534.0,109400.02,109409.85,49.18955
2025-09-04 16:30:00,109409.85,109591.73,109363.26,109542.95,81.85243
2025-09-04 16:35:00,109542.95,109542.95,109412.28,109427.17,39.27959
2025-09-04 16:40:00,109427.17,109470.73,109379.88,109457.62,45.2345
2025-09-04 16:45:00,109457.62,109524.0,109426.08,109453.24,49.31733
2025-09-04 16:50:00,109453.25,109519.36,109413.1,109490.41,68.28588
2025-09-04 16:55:00,109490.4,109494.24,109412.28,109438.34,52.32244
2025-09-04 17:00:00,109438.35,109651.56,109428.98,109651.55,64.85632
2025-09-04 17:05:00,109651.56,109745.74,109628.0,109706.98,92.83231
2025-09-04 17:10:00,109706.98,109715.67,109640.0,109673.51,63.91377
2025-09-04 17:15:00,109673.5,109727.72,109673.5,109704.72,38.70788
2025-09-04 17:20:00,109704.73,109811.13,109704.73,109779.88,52.88712
2025-09-04 17:25:00,109779.87,109892.5,109776.0,109806.01,53.71979
2025-09-04 17:30:00,109806.02,109827.81,109745.12,109745.13,20.13893
2025-09-04 17:35:00,109745.13,109807.41,109727.55,109745.06,15.11126
2025-09-04 17:40:00,109745.07,109769.72,109627.41,109627.41,29.52413
2025-09-04 17:45:00,109627.42,109740.53,109612.97,109674.01,26.81055
2025-09-04 17:50:00,109674.01,109914.01,109674.0,109857.01,27.06371
2025-09-04 17:55:00,109857.02,109878.92,109786.47,109786.48,9.93591
2025-09-04 18:00:00,109786.48,110082.26,109786.47,110058.04,110.95862
2025-09-04 18:05:00,110058.03,110218.39,110033.98,110103.45,95.36052
2025-09-04 18:10:00,110103.44,110180.0,110045.75,110120.54,32.0958
2025-09-04 18:15:00,110120.55,110175.66,109984.98,109984.98,28.36591
2025-09-04 18:20:00,109984.99,110012.26,109871.7,109888.0,31.18999
2025-09-04 18:25:00,109887.99,109975.12,109820.0,109907.82,120.9913
2025-09-04 18:30:00,109907.82,109927.26,109699.15,109904.91,76.56145
2025-09-04 18:35:00,109904.91,110114.7,109886.37,110101.53,36.06705
2025-09-04 18:40:00,110101.52,110157.36,110041.41,110041.41,36.5783
2025-09-04 18:45:00,110041.41,110100.42,110041.41,110100.42,11.50259
2025-09-04 18:50:00,110100.42,110145.56,109958.81,109958.82,25.42145
2025-09-04 18:55:00,109958.81,110059.49,109944.0,109977.0,15.47895
2025-09-04 19:00:00,109977.0,110083.67,109944.0,110064.0,25.69414
2025-09-04 19:05:00,110064.0,110113.19,110002.02,110012.0,28.73291
2025-09-04 19:10:00,110012.0,110081.02,109980.0,110077.88,13.36332
2025-09-04 19:15:00,110077.87,110089.57,109993.43,109993.44,8.00991
